[
    {
        "university": "Junior high school one bergas",
		"logo": "images/logo-smpp.JPG",
        "major": "",
        "year": "2017 - 2019",
        "description": "I attended junior high school 1 bergas, where I built a strong academic foundation and developed my early interest in science and technology."
    },
    {
        "university": "State vocational school two salatiga",
		"logo": "images/logo-smkku.JPG",
        "major": "Industrial Electronics Engineering",
        "year": "2019 - 2022",
        "description": "I took my vocational high school education at SMK Negeri 2 Salatiga, majoring in Industrial Electronic Engineering. During my vocational high school years, I deepened my studies such as Cx-One (PLC), Arduino Ide, Proteus, PCB Making while also actively participating in extracurricular activities"
    },
    {
        "university": "State Polytechnic of Semarang",
		"logo": "images/polines-logo.png",
        "major": "Diploma of Electrical Engineering",
        "year": "2022 - Present",
        "description": "Currently, I am studying Electrical Engineering at State Polytechnic of Semarang. This program has allowed me to explore various aspects of electronics, programming, and engineering design, preparing me for a career in the tech and innovation industry"
    }
]